First_Name,Last_Name,Gender,Email,Customer_Password,Phone_Number,Date_Of_Birth,Member_Since
Marena,Hurler,Female,mhurler0@freewebs.com,oW9_uz~ESm#nJn{Z,280-295-1987,1960-05-08,2020-10-21
Shanan,Buddle,Male,sbuddle1@dropbox.com,hC9.g%'x=~#bY,818-399-5704,1984-11-05,2002-02-03
Jewelle,Josephov,Female,jjosephov2@bbb.org,pR1+f'ICxoXT.Sdf,495-618-6370,1989-04-15,2007-01-20
Jeannie,Broz,Female,jbroz3@lulu.com,uF9(OoLvik4oGg?,846-452-0587,1965-11-13,1997-11-01
Suzette,Wiffill,Female,swiffill4@virginia.edu,eO3+fphaRx*_I,725-454-2745,1968-11-24,2002-12-02
Min,Bulford,Female,mbulford5@nba.com,vS2'j`s=S,479-380-5892,1986-05-10,2012-07-10
Garth,Vanshin,Male,gvanshin6@shop-pro.jp,xN1_cS8EDmen)oA,820-773-2004,1961-12-08,2014-03-28
Dani,Layzell,Male,dlayzell7@arstechnica.com,mL9}k9hZ,220-589-6851,1989-07-06,1996-01-11
Manfred,Alejo,Male,malejo8@pcworld.com,zH1&j&`9gq&7b,994-263-9123,1970-11-07,2012-05-30
Ailene,De Santos,Female,adesantos9@cam.ac.uk,aQ6%CP1U&Tq&<,518-698-9645,1983-02-11,2012-09-24
Alexio,Bourdis,Male,abourdisa@cbsnews.com,dL7ot*1c'*A$4,346-444-2535,1971-07-20,2001-05-24
Adria,Northedge,Female,anorthedgeb@jimdo.com,tY4@EsYWM=ub+,186-524-0035,1989-02-13,2012-12-01
Padgett,Stainton,Male,pstaintonc@gravatar.com,jV0|L)CP!,518-967-7255,1966-09-21,2000-11-10
Jamil,Cratchley,Male,jcratchleyd@thetimes.co.uk,oN2=Jk7yG,345-331-5743,1970-01-19,2022-07-16
Trip,Lewton,Male,tlewtone@mapquest.com,qI6=>@u\UTl,264-165-7343,1992-12-23,2019-07-28
Fair,Dew,Male,fdewf@etsy.com,fF7}o6JsU|onh,163-525-2283,1984-08-13,2001-04-02
Tonnie,Margaritelli,Male,tmargaritellig@wix.com,cJ0..k+bz,597-201-5650,1978-05-01,2015-08-14
Kristy,Shimman,Female,kshimmanh@google.pl,jR8+(X{bK),592-175-4533,1962-06-24,2024-11-30
Todd,Delnevo,Male,tdelnevoi@va.gov,cS5+=WSvVV,559-321-8679,1965-02-10,2009-08-18
Hortensia,Dana,Female,hdanaj@spotify.com,nM1<2b}(aab+?Ua,278-516-4507,1971-12-10,1998-09-26
Dulcinea,Cowpe,Female,dcowpek@bbb.org,aU4.u6u>.,498-969-0987,1963-08-26,2007-09-07
Jeffy,Osichev,Male,josichevl@youtube.com,kC9@INA,177-357-5981,1968-10-28,2015-01-18
Elnar,Fayre,Male,efayrem@canalblog.com,vG0<d}%,702-371-2116,1962-07-16,2023-05-21
Igor,Muggeridge,Male,imuggeridgen@posterous.com,pV7~qLUFB$lQFG,767-235-0288,1960-05-07,2023-02-22
Barr,Attersoll,Male,battersollo@free.fr,kQ3(Z8yKD,262-599-2970,1989-06-07,2000-11-22
Suzanne,Sigsworth,Female,ssigsworthp@ow.ly,kP7(_q0I},565-658-6023,1965-12-29,2006-06-15
Carol,Licciardello,Female,clicciardelloq@auda.org.au,sM7@1Gq)'s,480-656-0127,1964-04-05,2015-05-04
Roarke,Passingham,Male,rpassinghamr@mapquest.com,iX6$Cl_LwrS3Q,621-989-5131,1971-05-08,2009-09-15
Jacklin,Stitch,Female,jstitchs@theatlantic.com,vO8\wAcu)XUto,318-822-7834,1985-10-03,2010-04-29
Seka,Escoffier,Female,sescoffiert@mit.edu,cE8/p%@c7hZG3?,747-943-4769,1980-04-07,1996-05-17
Hinda,Cockitt,Female,hcockittu@cbslocal.com,vA0_.T({iGRUWj?,988-511-6096,1968-09-03,1997-07-04
Kiel,Fonte,Male,kfontev@desdev.cn,cM9'ZNKdaiXS.!/,828-192-1626,1983-10-03,2013-09-05
Addi,Sollime,Female,asollimew@mapquest.com,kT9(M0sGAqk,598-729-3175,1983-06-08,2014-07-15
Zsa zsa,Scott,Female,zscottx@dot.gov,zH5)9W<P<`,996-337-8313,1971-06-11,2022-08-09
Bud,Walby,Male,bwalbyy@exblog.jp,dJ8$0*<+Gjrs~?,937-784-6554,1983-07-07,2001-02-07
Port,Lehmann,Male,plehmannz@microsoft.com,rD7+PqD7U%i>I\,281-411-7617,1960-08-08,2005-12-19
Truman,Penritt,Male,tpenritt10@cnet.com,xT7{h+_?~?)tC,472-897-2246,1987-05-19,2013-04-09
Fanni,Goreisr,Female,fgoreisr11@tamu.edu,vD9>7E}T,768-672-4451,1991-06-18,2015-08-26
Hubey,Ludlem,Male,hludlem12@umich.edu,aN2|RJuM@cXT,517-532-1505,1964-02-05,2000-05-22
My,Fantone,Male,mfantone13@cloudflare.com,eE1~f{F3x5&0,538-512-3541,1966-02-07,2012-03-14
Alex,Sills,Female,asills14@github.io,mL1_7pgJP<.t7(v,446-851-7336,1985-02-03,2021-09-19
Barbette,Goodacre,Female,bgoodacre15@constantcontact.com,yC9|=_TR,904-119-6893,1986-11-21,2011-06-29
Rosabella,Billes,Female,rbilles16@opensource.org,sJ1\W)>0v#y6Drj,592-459-2996,1987-08-06,2003-07-22
Tracy,Howlings,Female,thowlings17@amazon.co.uk,dQ1=K2Rts?Kqq%,952-536-8674,1989-08-24,2023-11-05
Fanni,Deverille,Female,fdeverille18@behance.net,nE3<bHZVH,599-174-0505,1983-04-15,2001-05-30
Sandye,Shelsher,Female,sshelsher19@mashable.com,qB6#&QUm>wliEJqp,636-547-4552,1985-05-05,2000-03-19
Tresa,Harpur,Female,tharpur1a@ucsd.edu,yL0=F3JJ,345-764-5691,1983-05-31,2006-09-06
Dorise,Curry,Female,dcurry1b@zdnet.com,lU1G#+rY|0d,381-373-7411,1982-04-16,2023-12-01
Jaquelyn,Tidman,Female,jtidman1c@pinterest.com,wG7!z85rz,341-629-8661,1961-04-15,1995-10-27
Toma,Coslett,Female,tcoslett1d@eventbrite.com,hX4'0Vd6n$,833-411-9685,1991-09-01,2003-10-04
