Manufacturer_Name,Address_Name
Bayer,Berlin HQ Bayer
Optimum Nutrition,Optimum Nutrition HQ London
Nordic Naturals,Nordic Naturals HQ Oslo
Merck,Merck HQ Darmstadt
GNC,GNC HQ Pittsburgh
Herbalife,Herbalife HQ Los Angeles
Vital Proteins,Vital Proteins HQ Chicago
Nature's Best,Nature's Best HQ Seattle
NOW Foods,NOW Foods HQ Bloomingdale
Doctor's Best,Doctor's Best HQ San Diego
SolarLife Labs,100 Innovation Dr
Peak Performance Inc,200 Athletic Ave
GreenNature Organics,300 Herbal Blvd
VitaFusion Co,400 Wellness Way
NutriCore Biotech,500 Science St
PureHealth Solutions,600 Remedy Rd
BioActive Nutrients,700 Health Pkwy
OptiWell Pharm,800 Cure Ct
MegaSupplements,900 Vitality Ln
UltraLife Science,1010 Longevity Pl
FitnessFuel Ltd,1111 Gym Rd
WellSpring Naturals,1212 Pure St
Alpha Health Tech,1313 Prime Ave
Zenith Nutraceuticals,1414 Balance Blvd
CoreStrength Labs,1515 Power Pkwy
MindBody Formulas,1616 Harmony Rd
HealthyEdge Corp,1717 Edge St
BioEssence Organics,1818 Essence Ave
LifePlus Innovations,1919 NextGen Dr
TrueVital Enterprises,2020 Authentic Pl
